{
  "pr_auc": 0.19500841495450294,
  "roc_auc": 0.6385244085571502,
  "f1": 0.17687074829931973,
  "loss": 0.4503885964895117
}