{
  "pr_auc": 0.23929075375589792,
  "roc_auc": 0.6479899559341228,
  "f1": 0.21768707482993196,
  "loss": 0.44430994409425506
}