{
  "jaccard_samples": 0.3955795799035363,
  "f1_samples": 0.5568991744606474,
  "pr_auc_samples": 0.6107732045319351,
  "loss": 0.06108709341949887,
  "precision_at_10": 0.7857445306986592,
  "recall_at_10": 0.2488819718346738,
  "precision_at_20": 0.682180663373324,
  "recall_at_20": 0.4201615860953051
}