{
  "pr_auc": 0.3605087903494595,
  "roc_auc": 0.585433473468924,
  "f1": 0.08450704225352113,
  "loss": 0.5817190706729889
}