{
  "jaccard_samples": 0.3877495935790213,
  "f1_samples": 0.5486456676502237,
  "pr_auc_samples": 0.5977391093421862,
  "loss": 0.0637244084642993,
  "precision_at_10": 0.7725476358503882,
  "recall_at_10": 0.2440997931578541,
  "precision_at_20": 0.6697247706422018,
  "recall_at_20": 0.41149928101898514
}