{
  "pr_auc": 0.365115203138733,
  "roc_auc": 0.6072548574025679,
  "f1": 0.06382978723404255,
  "loss": 0.5961719224850337
}