{
  "jaccard_samples": 0.27774412287960176,
  "f1_samples": 0.42786391396386403,
  "pr_auc_samples": 0.4265085626426915,
  "loss": 0.5765700585312313,
  "precision_at_10": 0.5536344389555399,
  "recall_at_10": 0.17038778481974617,
  "precision_at_20": 0.5383203952011291,
  "recall_at_20": 0.3273973484941372
}