{
  "pr_auc": 0.3406815068328446,
  "roc_auc": 0.5774457448017271,
  "f1": 0.029411764705882353,
  "loss": 0.14874127904574078,
  "mode": "full"
}