{
  "pr_auc": 0.3657651702799499,
  "roc_auc": 0.5785791387342347,
  "f1": 0.13953488372093023,
  "loss": 0.14835631499687832,
  "mode": "no_alpha"
}