{
  "pr_auc": 0.33337305307514353,
  "roc_auc": 0.5825985683445064,
  "f1": 0.15615615615615616,
  "loss": 0.6020302593708038,
  "mode": "no_beta"
}