{
  "pr_auc": 0.18379863193329118,
  "roc_auc": 0.6035425026464144,
  "f1": 0.020202020202020204,
  "loss": 0.08928455078396304
}