{
  "pr_auc": 0.20787679687675675,
  "roc_auc": 0.6646069766869354,
  "f1": 0.0,
  "loss": 0.08740110875203691
}