{
  "pr_auc": 0.379196039050761,
  "roc_auc": 0.6028576298147938,
  "f1": 0.15282392026578073,
  "loss": 0.14754785870512327,
  "mode": "empty"
}