{
  "pr_auc": 0.17878508578190253,
  "roc_auc": 0.633416213288693,
  "f1": 0.0,
  "loss": 0.33467866480350494
}