{
  "pr_auc": 0.3700682807886904,
  "roc_auc": 0.5928019543233722,
  "f1": 0.022556390977443608,
  "loss": 0.14707159673174222,
  "mode": "no_beta"
}