{
  "pr_auc": 0.1501936075860243,
  "roc_auc": 0.6161591295142905,
  "f1": 0.0,
  "loss": 0.09057171527167847
}