{
  "pr_auc": 0.34454669008250144,
  "roc_auc": 0.5780763549596636,
  "f1": 0.0076045627376425855,
  "loss": 0.5804856886466344,
  "mode": "full"
}