{
  "jaccard_samples": 0.3909795943548455,
  "f1_samples": 0.5534261541389345,
  "pr_auc_samples": 0.6050058602912042,
  "loss": 0.05701661325163311,
  "precision_at_10": 0.7904022582921666,
  "recall_at_10": 0.24914276215006884,
  "precision_at_20": 0.6861679604798872,
  "recall_at_20": 0.4201985371346072
}