{
  "pr_auc": 0.20588662128686103,
  "roc_auc": 0.6534674183304202,
  "f1": 0.0,
  "loss": 0.32800356940976505
}