{
  "pr_auc": 0.20470651404516693,
  "roc_auc": 0.6521749833829793,
  "f1": 0.12903225806451613,
  "loss": 0.5681959082340372
}