{
  "pr_auc": 0.16093390686859993,
  "roc_auc": 0.610177002043278,
  "f1": 0.0,
  "loss": 0.3340218334362425
}