{
  "pr_auc": 0.19538058735054434,
  "roc_auc": 0.6262524310085916,
  "f1": 0.1746031746031746,
  "loss": 0.5116647424112106
}