{
  "pr_auc": 0.1912244210275994,
  "roc_auc": 0.647854557987248,
  "f1": 0.11864406779661017,
  "loss": 0.1227722079974824
}