{
  "pr_auc": 0.36810306353331756,
  "roc_auc": 0.5922508805817521,
  "f1": 0.19254658385093168,
  "loss": 0.5916398376226425,
  "mode": "empty"
}