{
  "pr_auc": 0.21098921882746696,
  "roc_auc": 0.6557322567145073,
  "f1": 0.0,
  "loss": 0.3227697544056794
}