{
  "pr_auc": 0.18414804661161283,
  "roc_auc": 0.5984712340907412,
  "f1": 0.0,
  "loss": 0.08987517153908467
}