{
  "jaccard_samples": 0.33667197393757203,
  "f1_samples": 0.49609999888664513,
  "pr_auc_samples": 0.5346319298450444,
  "loss": 0.0643966951304012,
  "precision_at_10": 0.7310515172900495,
  "recall_at_10": 0.22714397446334067,
  "precision_at_20": 0.6293577981651376,
  "recall_at_20": 0.38350669796308423
}