{
  "pr_auc": 0.34196518528327785,
  "roc_auc": 0.5518406999204636,
  "f1": 0.07746478873239436,
  "loss": 0.5915990789731344,
  "mode": "no_alpha"
}