{
  "pr_auc": 0.2010626302304711,
  "roc_auc": 0.631865291351764,
  "f1": 0.020202020202020204,
  "loss": 0.33085795543317137
}