{
  "jaccard_samples": 0.42932968878790717,
  "f1_samples": 0.5919125403367457,
  "pr_auc_samples": 0.6527994253989591,
  "loss": 0.05138896935515934,
  "precision_at_10": 0.8244883556810163,
  "recall_at_10": 0.2630178579843836,
  "precision_at_20": 0.7168313338038109,
  "recall_at_20": 0.44333200466841677
}