{
  "pr_auc": 0.35873946565489545,
  "roc_auc": 0.5933246222020224,
  "f1": 0.05090909090909091,
  "loss": 0.1472148299217224,
  "mode": "full"
}