{
  "pr_auc": 0.31008230027192385,
  "roc_auc": 0.5490512441767981,
  "f1": 0.0,
  "loss": 0.5895239512125651,
  "mode": "full"
}