{
  "pr_auc": 0.3591108543512803,
  "roc_auc": 0.6016094169713077,
  "f1": 0.10416666666666667,
  "loss": 0.5768374760945638
}