{
  "pr_auc": 0.20816801406695573,
  "roc_auc": 0.6433622806053277,
  "f1": 0.05504587155963303,
  "loss": 0.3312255508940795
}