{
    "drug_recommendation": {
        "jaccard_samples": 0.2880686015412504,
        "f1_samples": 0.44044398755192393,
        "pr_auc_samples": 0.4499270555558755,
        "loss": 0.5422342843479581,
        "precision_at_10": 0.6095473833097595,
        "recall_at_10": 0.1843121526242375,
        "precision_at_20": 0.5287128712871287,
        "recall_at_20": 0.3186083191254768
    },
    "mortality": {
        "pr_auc": 0.20816801406695573,
        "roc_auc": 0.6433622806053277,
        "f1": 0.05504587155963303,
        "loss": 0.3312255508940795
    },
    "readmission": {
        "pr_auc": 0.3591108543512803,
        "roc_auc": 0.6016094169713077,
        "f1": 0.10416666666666667,
        "loss": 0.5768374760945638
    }
}