{
  "jaccard_samples": 0.3845567565191393,
  "f1_samples": 0.5465418417934056,
  "pr_auc_samples": 0.6015165781676018,
  "loss": 0.056978808840115865,
  "precision_at_10": 0.7858856739590684,
  "recall_at_10": 0.24638357428695104,
  "precision_at_20": 0.6781227946365561,
  "recall_at_20": 0.4141501934337987,
  "task": "drug_recommendation",
  "mode": "no_alpha",
  "variant": "base"
}