{
  "jaccard_samples": 0.4201570439363741,
  "f1_samples": 0.5825077760869503,
  "pr_auc_samples": 0.6415177541751489,
  "loss": 0.05318373971515232,
  "precision_at_10": 0.8141143260409315,
  "recall_at_10": 0.2586016649928851,
  "precision_at_20": 0.7108327452364149,
  "recall_at_20": 0.43821566229804343,
  "task": "drug_recommendation",
  "mode": "no_beta",
  "variant": "base"
}