{
  "jaccard_samples": 0.4038657505030676,
  "f1_samples": 0.5660756305509875,
  "pr_auc_samples": 0.6328006490850561,
  "loss": 0.05902052091227637,
  "precision_at_10": 0.8017642907551163,
  "recall_at_10": 0.2542198471364355,
  "precision_at_20": 0.6994001411432603,
  "recall_at_20": 0.4303045367920659,
  "task": "drug_recommendation",
  "mode": "empty",
  "variant": "base"
}